"Teacher","Comments"
"Trọng",""
"V.Thiện",""
"Khương",""
"H.Loan",""
"T.Hiền",""
"N.Như",""
"N.Vân",""
"N.Thuận",""
"M.Hằng",""
"T.Trang",""
"Lan",""
"Dũng",""
"Tr.Quỳnh",""
"P.Tuấn",""
"Thu",""
"Tý",""
"Hảo",""
"M.Hương",""
"Lợi",""
"Trà",""
"Tiếp",""
"Dược",""
"Hưng",""
"N.Lụa",""
"Thiện",""
"Tôn",""
"H.Liên",""
"Huyền",""
"Như.Quỳnh",""
"H.Quyên",""
"Chương",""
"B.Phương",""
"K.Toàn",""
"Hải",""
"Huệ",""
"T.Hằng",""
"Uyên",""
"N.Hoa",""
"An",""
"Tr.Lan",""
"Mỹ",""
"Lệ",""
"H.Thắm",""
"M.Thương",""
"Đông",""
"H.Lương",""
"Đ.Thúy",""
"H.Trang",""
"Đ.Dung",""
"T.Anh",""
"P.Quỳnh",""
"B.Hằng",""
"Hoài",""
"P.Thủy",""
"Tú",""
"Hóa",""
"B.Hiền",""
"P.Thúy",""
"M.Hoa",""
"H.Minh",""
"P.Thuận",""
"K.Nga",""
"Liên",""
"Nhàn",""
"T.Hà",""
"Tần",""
"T.Thúy",""
"M.Lệ",""
"Tình",""
"B.Thúy",""
"Trung",""
"Hiện",""
"N.Dung",""
"Vân",""
"Đ.Tuấn",""
